CompanyName;umsatz
B's Beverages;6154115.34
Hungry Coyote Import Store;5698023.67
Rancho grande;5559110.08
Gourmet Lanchonetes;5552309.8
Ana Trujillo Emparedados y helados;5534356.65
Ricardo Adocicados;5524517.31
Folies gourmandes;5505502.85
Let's Stop N Shop;5462198.02
LILA-Supermercado;5437438.34
Princesa Isabel Vinhos;5436770.55
Bólido Comidas preparadas;5398064.44
Piccolo und mehr;5366426.27
Morgenstern Gesundkost;5349089.59
Wellington Importadora;5333907.69
Spécialités du monde;5298269.65
Tortuga Restaurante;5278083.97
Victuailles en stock;5276686.06
France restauration;5180799.4
Hanari Carnes;5097941.56
Tradição Hipermercados;5087091.41
Pericles Comidas clásicas;5071822.53
Bottom-Dollar Markets;5064202.34
Queen Cozinha;5059541.86
The Cracker Box;4997732.41
Comércio Mineiro;4992489.53
Chop-suey Chinese;4989158.99
Franchi S.p.A.;4943582.11
Lazy K Kountry Store;4942067.56
Vaffeljernet;4940880.79
QUICK-Stop;4938975.49
Consolidated Holdings;4931207.19
IT;4925094.61
Ottilies Käseladen;4911223.4
Great Lakes Food Market;4900810.01
Familia Arquibaldo;4895780.42
Island Trading;4885549.18
Mère Paillarde;4877478.78
Die Wandernde Kuh;4854775.63
HILARION-Abastos;4841324.41
Richter Supermarkt;4834229.55
Magazzini Alimentari Riuniti;4833909.46
Berglunds snabbköp;4833398.53
The Big Cheese;4830860.98
IT;4820276.68
Maison Dewey;4815829.33
Old World Delicatessen;4809258.51
Paris spécialités;4805987.65
Romero y tomillo;4782770.28
Drachenblut Delikatessen;4779289.01
Simons bistro;4767493.94
Seven Seas Imports;4749839.21
Toms Spezialitäten;4745078.1
Wolski  Zajazd;4738465.22
Hungry Owl All-Night Grocers;4732282.29
Bon app';4725685.2
FISSA Fabrica Inter. Salchichas S.A.;4719540.2
Blondesddsl père et fils;4705978.14
Santé Gourmet;4691250.64
Rattlesnake Canyon Grocery;4687815.01
La maison d'Asie;4675692.49
White Clover Markets;4662707.93
GROSELLA-Restaurante;4649039.29
Wilman Kala;4635588.03
Godos Cocina Típica;4622798.43
Königlich Essen;4621173.9
Cactus Comidas para llevar;4615377.63
Suprêmes délices;4609931.11
Centro comercial Moctezuma;4606245.25
La corne d'abondance;4580281.87
Eastern Connection;4577978.39
Wartian Herkku;4574418.76
Ernst Handel;4541857.87
Save-a-lot Markets;4520065.25
Galería del gastrónomo;4500324.9
Split Rail Beer & Ale;4499350.87
LINO-Delicateses;4497109.92
Folk och fä HB;4466300.62
Frankenversand;4434934.56
Blauer See Delikatessen;4411617.75
North/South;4408743.86
Vins et alcools Chevalier;4332214.28
Antonio Moreno Taquería;4311774.04
Lonesome Pine Restaurant;4298854.65
Trail's Head Gourmet Provisioners;4291819.96
Laughing Bacchus Wine Cellars;4259986.34
Que Delícia;4258199.69
Around the Horn;4251821.62
Du monde entier;4236208.17
Reggiani Caseifici;4223241.67
Lehmanns Marktstand;4184144.45
Furia Bacalhau e Frutos do Mar;4098647.79
Océano Atlántico Ltda.;4059079.05
Alfreds Futterkiste;3965464.95
